"","X3968","X14831","X13492","X5108","X16348","X585","X11495","X17522","X12908","X17992","X13154","X17420","X8564","X6421","X2620","X8567","X15028","X16861","X10468","X12285","X1135","X18495","X18403","X7405","X11521","X720","X9095","X11026","X290","X14844","X5684","X16639","X1971","X5844","X5914","X7486","X6884","X8928","X8992","X6019","X17295","X18295","X15688","X441","X18100","X11142","X5383","X3326","X16248","X3487","X5942","X16547","X6431","X5717","X14592","X5019","X4448","X17877","X15612","X13583","X4812","X1177","X7535","X11003","X2698","X8045","X10298","X14722","X5029","X1811","X5732","X5700","X3328","X6429","X16673","X1040","X5712","X4276","X520","X1356","X17436","X8944","X18496","X7212","X3367","X18526","X7382","X13009","X4338","X16476","X2481","X18272","X2673","X5423","X1227","X10030","X10742","X10029","X13194","X10461","X14427","X16765","X839","X16207","X11812","X8392","X7965","X15754","X7555","X17679","X3295","X8330","X6016","X12268","X1254","X14489","X9683","X2705","X18109","X9906","X9451","X11559","X15724","X12049","X15214","X13368","X12562","X16840","X15431","X14947","X14974","X1048","X5240","X7374","X10512","X5926","X5624","X18405","X11913","X4903","X13082","X9513","X14753","X12206","X12282","X6299","X15659","X14998","X7315","X16470","X2413","X8935","X6853","X18398","X16962","X8486"
"HEA26_EFFE_1",-2.61083608389472,-1.1857922612241,-0.0561292569568437,-0.147029894034524,0.523075781268421,-0.0181652393789538,-0.855367308473829,1.27731834876784,1.71601526710829,0.482690652946647,-0.227604458637368,-0.340950016785833,1.52150264959651,-1.00481571545022,-1.14555534897216,-0.333020758012955,0.418380606041711,-0.530814359043561,0.518637180161133,3.81628323936516,-1.0241910762716,-0.00273594275464384,1.54004830804945,0.0339442940494763,-0.614670290416687,0.7842685818527,0.0276171506754768,-0.849827838124945,-0.729228959986696,-0.163403989238702,-1.55239956743661,-1.62079602072492,-0.11435972752972,0.767719555728645,1.54363105537614,0.513447835582357,0.277661766331324,1.44690561206438,0.487430376375188,0.316578573831162,0.0119862919019686,2.22599057986378,3.00492637292908,-1.41583263588394,-0.322530860195777,-3.53906326880992,1.11158886815885,-0.387433266529182,-0.383656639084789,0.560979997455341,0.0118074304228912,0.213936007179695,-1.22722045559887,1.10737996443581,2.64438133570774,-3.52086240296844,-1.29048201243122,0.387040691320473,-1.26101566929697,-0.928350710778544,0.713225601855317,0.194193397288947,-1.60678792370033,1.17794073923935,1.23073934923297,0.122069478215471,0.25841811725614,0.499346789951478,0.176855598092771,2.59676583542733,2.10554627333958,0.926197454584312,-0.774652532749327,-0.418009887248788,0.386362256399083,-1.05409897267274,1.31056971422693,-4.23408217339502,-2.64000337902032,0.0053649102792761,1.81064907102801,-1.6681099856682,0.654720870270548,0.607980814049945,-0.736159589051145,1.27988455316217,0.695573332947095,-0.286436145573155,-0.458646960105014,2.49828229969568,-0.0452383403808447,2.18240022549843,-1.69096769095684,-0.383939725111208,-1.39206395980962,0.184226092120185,0.641471110532424,0.833668823821275,1.48654067428295,0.260135977482356,-0.0307497058241033,-0.334286546026322,-2.15039655177569,-0.653700640966836,-1.76706065466789,-1.13074944673196,-0.0372286745587633,1.89278447517066,1.28170330252165,0.295230317598129,-0.882224710430064,-1.05126967961844,3.01419141728523,-0.554234946102027,-0.376739488820725,3.76659746419904,1.27423042057465,-0.625644965104828,0.0921169069450585,1.4321167980376,-0.717591076917071,0.0951689500431758,-0.69710802849602,0.773230504052702,2.57203356702502,-0.50071829626188,-1.27413372938609,0.0914637563857799,0.62144908476745,0.408731251723042,-1.28557902766103,-0.636528141786761,2.15790565056079,-0.641118571605704,0.419266962110623,4.05907923232584,-0.802616187943734,0.154357015407633,-1.30319571185191,1.53536373541404,1.12350699392223,0.12425024662698,1.21680001687894,-0.336655405608797,0.139339922894332,-0.39886619134253,0.0158952674014969,-0.959592481214828,0.270995722459557,0.36978166927123,1.09359335039199,0.894933516259496,-0.347419213557144,-0.609600275256655,2.34607322020716,0.558644793116682
"HEA26_MEM_1",-2.25928645423124,-0.471856198258005,0.277309912209207,0.543852127978197,-0.365955389095841,0.107842109195834,-1.02456164080699,0.645566101359377,3.61809174441996,1.21005419166477,-0.136163987182612,-0.0938001017749279,3.18246251386838,-0.758819368022207,-0.974292554458272,-0.0589316497565049,0.783387643937795,-1.74333232669666,0.939948602281223,3.10192414346287,-0.731731504374801,0.71044251901843,1.37912065323239,0.180866924224603,-0.16192701651973,0.11251252704333,0.1669455419367,-0.380348414102977,0.103232221177834,-0.559356399312382,-1.21186340227943,-1.13263514628624,0.0693944186310453,0.535058913610142,0.316439146814744,0.863490573176636,0.36020798878306,2.85979298578841,0.526615666312406,0.282157647012056,-0.193422686407208,2.05104077707397,1.58764520358896,-1.44161513948246,1.07304830016954,-2.82880685284354,1.15258957027492,0.126421795082875,-0.27124497443955,0.852613143260397,0.185583939084065,0.723386334233536,-0.858562629443043,1.20093202063992,2.11364674933047,-2.99592414202884,-0.142751278894783,0.349807609396718,-0.720171273534239,-2.04422394238286,1.56309807457919,0.329283888869388,-0.700627939658663,1.28941259207544,0.47960789761466,-0.974013939797836,-0.382870347492143,0.53793458371841,0.234244726218002,1.34633806313289,1.98950159403839,0.72874766718993,-0.703868745631706,0.140389446193414,1.05369877107236,-1.29582988715906,0.895808508488133,-4.28109640570119,-2.03954644224109,-0.0584970241686902,1.47178563019068,-0.361860498555699,0.487060051123485,0.60008979283875,-0.406857133312618,0.917033633428433,-0.0761833846242199,-0.00910100052402374,-1.3773819497982,3.29192118602214,0.679676371034027,0.494321359384669,-1.61798532686447,-0.388804042046033,-0.570991618002044,0.466130830342468,0.648248200907545,0.398549884253138,1.72418805014438,0.954359364953496,-0.366457930380395,-0.316316519618455,-2.09074743729326,-1.30915986671535,-1.46223311990414,-0.987366565523325,0.275238890703127,0.963957964614916,1.73628709641352,-0.529631585908663,-0.980387033137701,-1.02939247331003,2.46461338812168,-0.710317921567176,-1.04041274378581,2.266251619064,0.418757110205929,-0.611429380655128,0.0653513596723947,1.23533173053414,-0.277651963432023,-0.179263986261702,-0.791578693644965,0.943645120012336,0.479330179225143,-0.450618800388635,-0.984791687528684,-0.225477282216803,0.231502254801484,0.311256776875461,-1.64729481010014,-0.43737886509515,1.17392355797823,-0.513545771283352,0.31684647225679,1.86902513348232,-0.854539357449791,0.340334950180065,-1.45976423079162,0.795470295555406,2.18999492019963,0.707037329129032,0.688722956576494,-0.44443081392097,0.15043488746433,-0.1215049154772,0.168756174730312,-1.68747509142337,0.458357740180498,0.589730838688369,1.032282586008,-0.0554780418544452,-0.183730219205855,-0.751651274674201,3.15019865062643,0.440832537681869
"HEA26_NAI_1",-0.271908131610484,0.817030811832449,0.812691674005654,0.719842529154102,-0.904981838203932,0.74819062716778,-1.73093358355104,0.0193176190013489,3.92410741221201,1.71288551414683,0.705695461582509,0.869433694169066,3.56658949350405,-1.31848450311251,-1.48183615473944,0.548582206031627,1.60170577335586,-2.1258474136376,1.42240152030546,2.05764231385339,0.611085217674899,1.95334283496776,0.629899162564081,-0.784624396808116,0.330234157099538,-0.128393802512636,0.446562398104812,-0.0595585370013154,0.504756971338582,-1.10523646512436,-0.245877767899521,-0.346652326088254,0.629774861917734,-0.06435175399836,0.0669449249866703,1.22422482332628,-0.371917459409426,3.15131119260262,-0.0402184792196341,-0.133005839954134,0.793482585546045,1.28084097659598,1.07653047821052,-1.52898783319113,1.81748240977702,-1.41057224292201,0.437460073428527,0.561823909839578,0.134083480344082,0.0550556960852422,0.48138964306291,1.89529076417926,-0.519369746035377,0.488607561649751,0.929798962922552,-1.56427507441284,0.429063293638943,-0.471459570359325,-1.35035782671481,-2.31910130220907,1.4736390275411,0.772466615378667,-0.515843749462081,0.0853791371224961,-0.206765258391043,-1.24554606345697,-0.808995292772456,0.901285514528579,0.404886051820654,0.708657852668237,1.39953944217771,0.30087320239126,-1.41304818096153,0.632411958962438,2.02259202503243,-1.32830709136324,0.518447603730262,-4.48664732980503,-2.6962490147058,-0.141794348306425,0.744580082115277,-1.69967080254239,-0.32714913156536,0.645812127665206,0.0539224441756323,0.284122733362668,-0.268847861151784,0.262300166167187,-1.83967183805935,2.62718125899942,1.10865232838273,0.410583814677699,-2.29612476161251,-0.989415722777906,-1.32205680445618,0.117878297615422,-0.922150935783038,0.00763730820199271,2.15509612454121,1.28548638981996,-0.270124283620188,-0.792075527748278,-2.51852081805309,-1.76091329208921,-0.876483519036283,-0.27793843078652,0.886865168655144,0.0733408603772334,2.26276981046264,-0.819754899976506,-1.5099779146592,-0.0508616771097827,1.71031094517187,-1.87939467556368,-1.55436505371552,1.69532792390906,0.475885900954943,-0.650708668713848,-0.462443882143607,0.575927410948861,0.674627210147256,-0.794277800917886,-1.15565594403658,0.1948092030146,0.609614382204158,-1.0080511154454,-0.851171964592743,-0.555792600915028,-0.0582430357353383,-0.0652872405276899,-2.16324296444219,0.129969327016888,0.751257944031818,-0.799788504691649,-0.0145120937216499,1.34601120277828,-1.22121721166739,0.838765447024038,-2.27147148170573,0.507993077141487,1.44361385565502,0.157690733400548,0.190222837271745,-0.623495797745974,0.283358796788749,0.217894250334218,0.652934970653707,-2.23967292871586,0.864924439979688,0.610930512423694,1.2934096819852,0.14659522264034,0.0718937099921853,-0.277102060993082,2.63496091334311,0.272308713136623
"MEL36_EFFE_1",-2.24310216049323,-1.08060090170688,-0.235571564232757,-0.17605950170233,0.640678215700165,0.0100066624247095,-0.977856891349199,1.35571271914855,1.41862850080724,-0.400371032360633,-0.24192518827417,-0.594133152829468,1.77525942502195,-0.522438571085106,-1.29822622905405,-0.0843475148469923,-0.0948688658028995,-0.637149185959752,0.366269004266488,3.68339113020678,-0.973145657621694,-0.539828789910571,1.00774117617668,-0.139602681843559,-0.5222905816649,0.473391825277058,0.186937215753142,-0.654344540682618,-0.909827719268733,-0.702858523681705,-1.51286817822227,-2.19074268541023,0.138363137064539,0.45034023535517,1.6299108163779,0.0678170606905208,-0.00952827217590757,1.92779112308688,0.292343923418096,0.24904656213546,-0.650160995518142,2.27105578803148,3.18968285271976,-1.2692672243467,1.29965250627054,-3.36776463584266,1.04788440535289,-0.861646669417345,-0.872705442544028,0.553929570873067,0.337530885528605,0.0537165775779318,-1.4079917926369,1.27564434541609,2.70104603556336,-3.22120099091804,-0.619388282614648,0.228925429266619,-1.84176400345823,-1.72945758795946,1.46600009447574,0.0984528620408751,-1.57679533338771,0.476496096052127,1.09973532220524,-0.877098193455294,0.27841440746743,0.281012499606901,0.419613719214492,2.76899249540923,2.23147472804304,1.10441622236006,-1.19216117666,-0.215779160629115,0.369185934678145,-0.548414960586898,1.05954867385706,-4.01000524294206,-2.70238725729218,-0.0282207838306094,2.1785303204948,-1.90847804094691,0.24854430805301,0.358253458101664,-0.620328966499214,0.792251764180602,0.819931507827559,-0.244182078079769,-0.639936203823535,2.5096703681673,0.29318824613291,2.74596772018728,-1.60406649662828,-0.654447512162508,-1.38203670231357,0.334488293714209,-0.25073291998129,0.437552165789993,1.52280853755148,1.11365138680391,0.321296966454922,-0.550773545567314,-2.04483739702633,-0.493880459162535,-1.70480790765577,-1.5020669085818,-0.10389763001367,2.48356686146916,0.586259888761791,-0.280749868504645,-0.621333527836606,-1.66623006143481,2.4996578904555,-1.20615032040802,0.370752522791742,3.99800399625065,0.978485319933975,-0.51082037698812,0.484462929621148,1.25570430975729,-0.539364908162351,0.364902677340689,-0.582639823999898,0.449244739401227,2.7207302677846,-0.537444660916665,-1.38399112676703,-0.1791745414374,0.316837959585752,0.164041625714669,-1.74612198957497,-1.31795133677704,1.34401765596564,-0.582031604067661,0.585715244182094,3.65812763748613,-0.332166316920394,-0.366983894667881,-1.65407485746446,1.26078292120393,1.84108747527227,0.317470737211159,0.650490282007917,-0.21188285762628,0.146651960011315,-0.689417496716501,0.0106602996004703,-1.65962507553676,0.087576142565899,0.42568793044608,0.469541584310941,0.89262997849813,-0.455283544820034,-1.07921483581009,2.39350453451481,0.809709403051913
"MEL36_MEM_1",-2.67988065341957,-0.146367118243758,0.249094016012501,0.951980797352538,-0.204083734409767,0.165302446312276,-1.3276208748936,0.561921302470118,3.85824044197141,0.736637003081746,-0.0372156712935325,-0.674736892333864,3.45879517013154,-0.697343167689342,-1.15812769999553,-0.0436112799474575,0.952783432013321,-2.05131255155623,0.402508833894364,4.87884790459363,-0.665514831585035,1.61700329209663,1.45048251296924,-0.0788558628860709,0.0445862523985943,0.195340779560563,0.323395669113328,0.0524549090680955,-0.260147131007924,-0.875876969296048,-1.1787090332694,-1.90503900698793,0.311268377873106,0.171548032207097,1.32047524286831,0.771237627133788,0.3169393611746,3.56956910308043,0.272913954344267,0.159864622652722,-0.266412341998498,2.500840253828,1.20671487785809,-1.72402844424441,2.13497267145169,-2.26264161830569,1.11085690788908,0.0471102199956555,-0.236927967664186,0.411519007266361,0.4130390769445,1.17616908846091,-1.3585541024522,1.1331124767821,2.16489769770321,-2.5162574719969,0.854263326823972,-0.00283925663296181,-0.853648583166509,-1.81229901236515,1.93241686203785,0.46721712810762,-0.916538329081839,1.22064345524562,0.68900437872497,-1.82652210277889,0.0367886649797917,0.543412978955921,0.364871274435881,1.53101918031043,2.4214516136883,1.22427534021514,-1.31114813740533,0.378431690631475,1.45018157476738,-1.42723752639859,0.69861661958888,-4.69796552367562,-2.40754355497391,-0.178461235010277,1.98089727728926,-1.22089875925114,0.548408652920402,0.370944525283292,-0.380022335078902,1.1411513792384,-0.137345533947323,0.368998066531563,-0.589118131295447,3.64188360848739,1.37024120072048,0.559171772955733,-1.68020496347264,-0.730653649058998,0.447658579827081,0.457851794632194,0.415808369476386,0.383011850165647,2.04054987360111,1.40326681731078,-0.184739441849022,-0.725457868785021,-2.39141541861981,-0.578662396848591,-1.77096839302473,-0.847311745157136,0.79363500218857,1.91742548022489,1.55907711847019,-0.705913555458102,-1.22862353343598,-0.702604791929124,2.71393494689548,-1.88835399953676,-0.142532833321389,2.86036427400355,0.588269894838159,-0.401489940467838,0.441603694797516,1.08468518071007,-0.0300980439710283,-0.0752405310140158,-1.01148076254353,0.75413948650616,-1.00463887135373,-0.866317021431029,-1.20769334968205,-0.282805363476233,0.276075605561855,-0.0392403074856214,-0.923754490917823,-0.600335884231666,1.22581227948262,-0.569431655956203,0.442223777671654,2.1777272616213,-0.902527527896122,0.355790671238204,-1.87304570770793,1.1538683533366,3.06779240856949,0.37301874266553,0.836164487154016,-0.501086429529349,0.349253838629174,-0.481928087848379,0.538744390381546,-1.92044488753924,0.881557114932718,0.491364816232939,0.710678928203847,-0.157811752102814,-0.0396969580831872,-0.656012332995296,4.28933949934546,0.572270658773834
"MEL36_NAI_1",-0.468505745021664,1.06932716265149,0.758449322513133,0.789892778318006,-0.799840359909529,0.926530147142981,-1.90243712269916,-0.058667467109454,3.9412827989707,1.4401721255553,0.586804737830579,0.666096339831079,3.60598568007503,-1.34809853550416,-1.85000370892576,0.653420112859155,1.36431598908169,-1.92753032425695,1.35316736419473,2.15499545546384,0.250570209765701,1.90206772641763,0.530376910995549,-1.24593305753532,0.364091835750184,-0.122101947806653,0.868084390320453,0.0595059539150249,0.32413178103686,-1.64062560967534,-0.0303623283547267,-0.448421766143462,0.898870783856601,-0.225163296805797,0.169131978098652,1.33343796084624,-0.270944775824856,3.17821936128408,-0.210866655268486,-0.0331478233036924,0.646892210131196,1.18638749433125,0.788488289304184,-2.19619453857071,2.01541024365493,-1.5433147340905,0.53159431593038,0.337787840202777,0.15063624387023,-0.113820239400287,1.04224851469987,1.82127280494321,-0.768842135896314,0.495986449775018,0.764607462396182,-1.71051079344054,0.834226648838703,-0.300420747338008,-1.50357256061938,-2.27353750884518,1.62329619059137,0.823082311802539,-0.724794071183494,-0.494520985447231,-0.100893271915713,-1.66626446328811,-0.649277081614036,0.723698727715446,0.72352635153584,0.367488465259767,1.27726030927063,0.562918586259587,-1.85505826108807,0.568481825070749,1.57761554629273,-1.89608725007871,0.390929623686873,-4.88184769473118,-3.04599293177588,-0.232605495334981,0.775563263673261,-2.36731640612899,-0.305857587668885,0.638150125412857,0.17710684331814,0.0833236634795345,-0.486037725290394,0.285002232923167,-1.79828645007952,2.32908178577178,1.41186367612818,0.598822117066401,-2.17482745357917,-1.01849182003865,-0.96597765156667,0.0596050669570696,-0.9027102114566,-0.193307075843447,1.85388752441381,1.66878710389124,-0.271975519804455,-0.971818921790176,-2.43428832215458,-1.68646696611047,-0.636271481532979,-0.380955298581405,1.03990379959478,0.0370306269109681,1.76130671090901,-0.703807246961531,-1.46067428872191,-0.454498638586379,1.35281295260719,-2.25518817983186,-1.41173435848472,1.46769448256932,0.0150083363961331,-0.667419226567914,-0.388859369410115,0.528788221078475,0.517607622821949,-0.940017448582765,-1.07656105633415,0.184185579837874,0.926701517661659,-0.930955003073668,-0.466823861025878,-0.661257535301292,0.112494374077155,-0.213502937176174,-1.9080139054605,-0.0284418932077752,0.362789057210538,-0.744665648938172,0.0121922803302343,1.48805853692403,-1.29180065156057,0.890620645160459,-2.27930694789932,0.284911576382518,1.5887333121984,0.221593059976287,0.0912802875209939,-0.668305374581518,0.310992442067018,0.162499398149456,0.701072418345557,-2.56785335931891,0.937567565893808,0.59036730185746,1.37381758330016,-0.00443218655190236,0.133242902954497,-0.219003403919698,2.3866605620516,0.0703751400803574
"HEA31_EFFE_2",-2.96428590078353,-1.34892418514506,-0.0105619938088859,-0.421732606668534,0.385918617637786,-0.161990729342394,-0.671197016920164,1.61615027187723,1.92939546256783,0.375783844974643,-0.322976057826238,-0.0439330369222111,1.020268835822,-1.11497973740287,-1.50033630589901,-0.456803014103487,0.00251032180590371,-0.447131682456915,0.739136285522831,4.39689267163172,-1.38003974651611,-0.0559738366097244,1.40610369149577,0.422248889057219,-0.600224640959055,0.689399264450965,-0.0736951786596061,-0.727232441003025,-1.06659095339818,-0.0841060748082345,-1.9909807260425,-2.29711231376243,-0.322006497392628,1.17246397584204,1.71425168834656,0.784632365112461,0.602517299870385,1.21183450686306,0.793467196957931,0.294002521794536,-0.306919481056574,2.14364103810402,3.73343920405452,-1.64289195542183,-0.674670773094081,-3.85029070754329,1.38973276440213,-0.908434508499632,-0.316284790156278,0.312222101807822,-0.47549775710333,-0.369613978569282,-1.73686082327155,0.778680100761966,2.02186822567999,-2.92561867329437,-1.64323583143139,0.553099594634718,-1.62147160923061,-1.06274420410546,1.06771720365972,0.299982728921774,-2.13352886140219,0.997868402248981,1.39231403312532,-0.336875212402411,0.0187600528889824,0.259478302131303,-0.130713686846848,3.67325579347477,1.59948630828945,1.24792616133877,-0.208073996641502,-0.694041893899406,0.229074816121395,-1.30565640955526,1.04197556191356,-4.50783167584823,-2.96455074314636,0.0565203496203388,1.9057844874328,-2.59493369459318,0.428749060066378,0.580192398738555,-1.17220072716209,1.47075942401242,0.762097109950437,-0.184429127212312,-0.376187027940242,1.54563553421443,-0.094621518644983,2.84625816136553,-1.26152083380679,-0.177880610400599,-1.24840184106666,0.383019626794809,0.765781032916248,0.589128130253947,1.47148907036876,0.815151396061756,0.0546646267657778,-0.102178331530023,-2.50439700961684,-0.703908014294594,-2.20451141492515,-1.39308839896614,-0.139843651510152,2.75212051960091,0.769131448611507,0.0723998776937371,-1.07524904333672,-1.529825580892,3.01781707178575,-0.420407134577025,-0.681918062219565,4.48304363195508,1.08061369565624,-0.444713387737741,0.307915030354117,1.81291515686148,-0.715676458873644,-0.0293131121248686,-0.692339821063259,0.0243018034733895,1.91438649057235,-0.690650482704798,-1.43835616913458,-0.0845529830811209,0.413046239160514,0.480600495471549,-1.74732829588136,-0.909431065826615,2.65452283062994,-0.413845383410056,0.617446298671638,4.94576162318771,-0.85238475027066,-0.297852019281837,-1.17554549799958,1.17616388291319,1.74156843108215,0.137115483711021,1.36904117482888,-0.50212854975926,0.293422028584876,-0.393104631651562,-0.257829945040418,-0.850418912976219,-0.0404079471987648,0.362756215563216,1.1169154541844,0.965436963281387,-0.739305246282475,-1.13220066748467,1.42465347298458,0.959117895502007
"HEA31_MEM_2",-2.28411057247587,-0.479865002936956,0.263198754088122,0.673478442444429,-0.861822343595469,0.0131837059484337,-1.16553538300902,0.681550917224417,4.79642205064492,1.08268780095245,-0.128283559001001,-0.174064342705339,3.76570106804661,-1.03880575752392,-1.14791688121512,-0.321584413435791,1.26719235478948,-2.17277858753707,0.583100126621026,3.69562524965472,-1.12362155842802,1.93035055890036,1.18837349877985,0.204667262190753,-0.372379976048186,-0.161980334711199,0.123159094857765,-0.223870312368097,-0.181925884629318,-0.847329402451409,-1.58903335373986,-1.91674732598171,0.393383418172814,0.67888689841956,0.458213203891249,1.18921712366704,0.236727192441276,3.64500907487778,0.312442979219034,0.239894627493878,0.215317905668763,1.76574170022,2.79906635040309,-2.3307324615776,0.806367384723808,-2.43356054528993,0.871207260141695,0.301910038160758,-0.10548642468112,0.823899720885761,0.137306379045,0.341121903230941,-0.735635453604868,0.851027418318528,1.86311944300908,-2.01269140870248,-0.230992599568492,0.178950927055162,-0.688735286411253,-2.29691904200178,1.97180946939608,0.125476081747459,-0.771257619093889,1.43651631138181,0.463964090945554,-1.96525162077255,-0.649582318007336,0.475820353247755,0.265406290015195,2.29040939562267,1.70390330634876,1.08684372943762,-0.648958481287801,0.568756121778858,1.17680061146231,-2.18946526162043,0.688842589409898,-4.23479492268905,-2.23977113214773,-0.498372202687306,1.54495731765827,-1.13373570932316,0.614923975284245,0.47877176636149,-0.41672174723052,0.913663968214808,-0.129269824427333,0.0347407217217546,-0.56899329707892,3.15045726803457,0.673733857102509,0.792048732895971,-1.67425543811175,-0.644159946452596,-0.109684578548235,0.190714393890992,0.307881952172633,0.315704240699363,1.70762500142155,1.07904341603381,-0.575522853849572,-0.539013666084366,-2.41221587027508,-0.44383694185688,-1.74941459675779,-1.4199722552495,0.425220615859816,1.38915743151033,2.0301593188209,-0.759985675538228,-1.27715195456883,-1.10868107564878,2.26090808720352,-1.04731177539518,-1.37453330176611,3.71431522903881,0.176784480454224,-0.751184779906162,-0.419553463388792,1.13657639552033,0.179873955426389,-0.470044490358543,-1.01466449234099,0.366050933707481,0.631117889045869,-0.804799665066994,-1.01924090227433,0.00723362604985311,-0.0231112799012063,0.263140382974288,-1.52322304458967,-0.539604350434065,1.61656396640591,-0.640215193623549,0.0179900270452471,2.68267439511613,-1.22939990800257,0.00577617558132903,-1.61453894186934,1.30952837906527,2.57561318937936,0.73287775121293,0.710079233703429,-0.7801251289646,0.287351895364603,-0.468736216293432,0.037692356829143,-1.73182131957348,0.415688891195997,0.30875610512923,1.0071029685326,-0.340287634847168,-0.417473307332963,-0.863837131109308,3.2063942314321,0.665219516833917
"HEA31_NAI_2",0.125645878105566,0.296346745636297,0.782562478712032,0.571527034596322,-0.705949509469185,0.730122213947087,-1.73677534267586,0.508484366794226,5.90510187122449,2.27525216874798,0.81582809135468,1.37968202670274,4.68914333694438,-1.28572803344948,-2.14601284884936,0.634932031134354,2.17723796247977,-1.66648612267628,1.52110113709308,1.6273892427025,0.733461125613884,2.73809849868164,0.678170209834612,-0.871608432943052,0.0696249996614604,-0.116521897061809,0.424066588742789,-0.0398011369116489,0.165745112357664,-1.23460238427221,-1.21620379042621,-0.516029534627573,0.607013372234453,-0.344106035548188,0.236178504341099,1.40726545091617,-0.382116746088622,5.44620548840718,-0.243292276007047,-0.771396397768771,0.441339183015471,1.28826867060476,0.968637165462201,-2.12239851663504,2.35150505500759,-0.896890994382129,0.344869209317937,0.540651801960156,0.380977683117567,-0.384910411271804,0.73481045355534,0.979600715990609,-0.171002530850597,0.322199928533152,0.95891923531058,-0.887914983448866,-0.0981545401618211,-0.315032217626673,-1.20602803036714,-1.9298785224455,2.08136854148345,0.452634093154721,-0.560510207702944,0.0256283359951714,0.489944146197082,-1.31900799793189,-0.305498412465539,0.683976542568949,0.408422071549674,1.37627850713799,1.04447455964645,0.703521898663803,-1.25003517395959,0.947738644884659,1.53536512012333,-2.04731941303766,0.114845960861769,-4.88695548438073,-3.22322343597533,-0.398056302188262,0.556944558134427,-1.89683367312044,-0.54974464230099,0.649358715066481,0.0149816083146836,0.190436558180016,0.206948156795047,0.0774342654379456,-1.73390312690291,2.900542817236,0.792889155752975,1.38464854106363,-1.87013282674982,-0.987239921553599,-1.72774041114489,-0.189335198354624,-0.786404369996307,-0.0714170877834821,2.16519842288905,1.44472358335608,-0.344804060282911,-1.05114239231504,-2.74423103571573,-1.52255708746199,-0.508108602177437,-0.497249490481745,1.03949644829039,0.950442838249915,2.79967604586205,-0.718783431856317,-1.17159980286535,-0.820559612090836,1.85651221433009,-1.22715677941345,-0.815584949591114,2.22296252335676,0.429825725968701,-1.09291170755176,-0.702817645275422,0.755465886522916,0.726778951603161,-0.712933025995111,-1.13745745002232,0.137175979104629,0.526472290116609,-1.22493828963334,-1.02551222746158,-0.384555526692209,-0.111668476748576,0.0427117874030598,-1.84419459242199,0.387351412256571,0.634153325513473,-1.04438307531364,-0.217843786450803,2.36366291272116,-1.15098075039514,0.203522193569287,-1.8483961248602,0.266686794720435,1.47835572140821,0.133518158517548,0.0560015596787675,-1.05344980580105,0.193284949178623,-0.231555748278531,0.304101906059826,-1.94990022526458,0.865070442616224,0.635848938739334,1.12194956340929,0.375893617368281,-0.237142639310845,-0.129812953310431,2.6138828031045,-0.382391573448175
"MEL39_EFFE_2",-3.62562528557316,-1.05071779254135,0.0689134004665073,-0.193682530563828,1.13385311222631,0.197913894964516,-0.660569461480863,1.46170361726895,1.58100854971975,-0.084776877681163,-0.381409760694509,-0.096936697849431,0.394844202279886,-0.806302118826709,-1.21648851629928,-0.273025797251348,0.358218934218577,-0.846367952430571,0.543346912763237,3.81747555477222,-1.76822191350469,-0.766631238302542,1.31537933666042,-0.0257255030728345,-0.446499932245498,0.623648546367253,0.100068935813047,-1.26382576095758,-0.68770512132873,0.617535792593241,-1.8711835750165,-1.95569783343592,0.193509480663236,0.511505203631953,2.71515139998685,0.0407439234689342,0.15384051020315,1.8872792115307,0.706031322024114,0.42794520935526,-0.251249477216631,2.57234575031972,3.95344102266229,-1.28125055670122,0.499756725096132,-3.32766010524033,1.57287403327724,-1.00959343933839,-0.379003914208678,-0.0742486840320415,0.354021658816187,0.226618268239562,-1.63476216035527,1.20614410386408,2.97363976058775,-2.86673095540512,-1.15396506776221,0.0931024468154789,-1.3707080966218,-0.437506670478919,1.11639571748034,0.191139845583905,-1.59397415168982,1.36974060997892,2.20298391563755,0.152484303235774,0.942808956536402,0.406310708384757,0.336452976144563,3.93319660940215,2.26191672545304,1.29779221831388,-0.818891192781065,-0.257681258094176,0.326471988140526,-0.728984458581142,0.667758013624204,-3.62879211328248,-2.9153546253092,0.0769354434852474,1.75353041336152,-2.5215780585365,0.332343214603902,0.190846415021187,-1.19451301438836,1.08467575678013,1.95225930306708,-0.245207561194363,0.797311548519637,2.20071826240908,0.104015682569956,5.00377113725758,-1.03513804803511,-0.539542867393085,-0.188450782233437,0.382472342409721,0.0845844733505459,0.779965947069726,1.52805150677171,1.04721272725913,0.539456888371602,-0.304151065961141,-2.2833324143158,0.664013304001552,-2.19644097538459,-1.8421588172979,-0.0906412133528915,3.50756100491472,0.993301036579348,0.0940222591023554,-0.504771748784731,-2.09524909336345,3.55186564577022,-0.87770796265555,0.374430303493435,3.82533774348402,1.56348550498743,-0.367307025251451,0.533315616829636,1.61923797723201,-1.04654902052327,0.168065432294792,-0.508693301229529,0.666582784745835,3.13265456327946,-0.850723473135729,-1.18919502260601,0.537619319966813,0.819850232462858,0.417703505340437,-1.3127696624793,-0.618594479300668,2.62952426870836,-0.535591185884217,0.909579015657616,5.11665355264462,-0.334345598325421,-0.0769142774866367,-0.670463393565967,2.05194903159418,1.50904503906986,0.305188478187261,1.17987949586562,-0.120511009468625,0.0559325775217889,-0.463444308021169,0.177157550705154,-0.84651996413271,-0.223802269444787,0.31939219812925,0.924674190837765,2.10568233460327,-0.404301572224326,-1.00287566088958,2.71439566228559,1.02112622764081
"MEL39_MEM_2",-2.68096895867921,-0.438067330215825,0.118186663503479,0.91295889520004,-0.371566126437195,0.0605251543242504,-1.13340718288095,0.445533625845001,4.59387840589685,0.354299265876775,-0.249913795138426,-0.248936011048797,3.85117002321911,-0.841997906401294,-1.29961174385627,-0.325730855607599,1.0395146043231,-1.66560325756997,0.237314245131981,4.57768617573828,-1.05989492590091,1.56162884190503,0.974309471239904,0.0623096473020155,-0.510778451749504,0.100975241278277,0.108210062141754,-0.524480010240678,-0.304954910443139,-0.58899438606884,-1.62997769631239,-1.68596528645154,0.322737827963484,0.125941133034422,1.09358595291842,0.417165701512796,0.468359556049591,3.61111226527929,0.509040296252284,0.116285692981377,0.155828283402712,2.12245402543841,1.64261820747237,-1.85676391709263,1.43404784153945,-2.32839294662221,0.989771338285207,-0.275845992594021,-0.120767530191695,-0.178270324952866,0.310196673313989,0.480851018962949,-1.17274998890635,1.12659660773913,2.24023735170887,-2.07044293414798,0.335693918866684,-0.0539084820934406,-1.01634250619245,-1.84555123996191,2.27637278506622,0.178204218696917,-1.10151304520029,1.5042171855159,0.834330961415675,-1.33754723437006,0.0519379209439759,0.694876407775775,0.291720314932438,2.3113653399379,2.1270087907202,1.25177848855251,-0.99855680349949,0.234228472269476,0.792861612651767,-1.64791266179279,0.158137821546603,-4.38772620605063,-2.51229704643597,-0.432258078012625,1.11184386956925,-1.39217897645152,0.150603305500974,0.28635305507568,-0.64407169505227,0.483281162806239,0.206015410049361,0.0788356514216879,-0.284349861304227,3.50487838146518,0.538962949865238,0.726883763189411,-1.45029190296323,-0.787995433602441,0.458259008529346,0.0774477379409397,0.0365918801889631,0.126313394895215,1.66134783040235,1.39917453534821,-0.220869067426918,-0.770106940017473,-2.16997431174369,-0.325847545148275,-1.75780852171438,-1.96415531340837,0.61870031582438,2.2597517502596,1.59569992420725,-0.394091749615759,-1.05008254678215,-2.01511034286175,3.03143103617035,-1.87159824931408,-0.389225700575782,2.98106120408896,0.504622747369083,-0.697056106703855,-0.02099262451922,1.23134294997931,0.244311530263209,-0.156225284160795,-0.958082856239461,0.780377264824503,0.563064559051702,-1.00783123745162,-1.14209643278258,0.00467014552647349,0.152406536535825,0.0768207842838571,-1.0520283099282,-0.698847810016584,1.49385848776254,-0.448651251266694,0.284341031663764,3.9776532368601,-1.00941484392594,0.0676725913481953,-1.52993496134684,1.23774484875548,3.13583695272746,0.560872333029261,0.687043489253209,-0.385979745913212,0.19990022820826,-0.575646296712378,0.287474838158351,-1.45423783759437,0.472598593267776,0.480452997824026,0.59349340546434,-0.139867346041001,-0.404659482087241,-0.939106645748479,3.54241138215748,0.868245046085343
"MEL39_NAI_2",-0.684508872265653,0.0423035505540206,0.182464493802522,0.135488429482045,-0.0944139237363206,0.899325920441971,-1.23361951390664,0.802318783081767,4.50346304752085,0.994419208573452,0.103415661085367,0.280631275948835,3.28522674690492,-1.18664647002635,-1.91361772562376,-0.00340249024655392,1.26685199844978,-1.61404466325655,0.749722803185169,2.37098911989506,0.0234913830168262,1.26048803646534,0.770403413592371,-0.718592064760948,0.00260523314920214,0.206326306654333,0.600500372402732,-0.108127610269637,-0.0248183273493563,-0.918914246042739,-0.939243251802253,-1.4381363180067,0.902951736008399,0.30745428128513,1.37710178434684,0.726325064701284,0.0513012946466009,3.06317716965602,0.359525393646044,-0.182151106683641,0.304432087375852,2.2360862158316,2.00954515916917,-2.41950204390568,1.29484254367996,-1.87346096527107,0.906311360242393,-0.0484467581424468,-0.402991480992767,-0.0460785197637064,0.609471970528212,0.912732086429376,-0.960907424600448,0.878252015223398,2.24638853324666,-1.38991494503338,0.114831286515574,-0.346819372462889,-1.32183785421182,-1.69842349341936,1.85566624829659,0.211164289478583,-0.8931512699902,0.680760599131346,1.1684026025668,-0.662927727809592,-0.0686313792757423,0.521405219133487,0.758528479271362,2.7254227579434,1.69968873518209,0.987697161335577,-1.44840620814626,0.519841151182523,0.851001810216756,-1.46036843935445,0.153975879539131,-4.04047545465136,-3.48679665464457,-0.348089158666868,1.18660528652832,-1.95410623841715,-0.412895524054881,0.519269607234344,0.249615428177703,0.15316257147671,1.11728425156325,-0.116091623100402,-0.500844735062747,2.62360362436199,0.351646395439149,3.16763843364999,-1.61681183653628,-0.902230853885359,-0.429198937144836,0.054045029328349,-0.766460030139176,0.257449894072968,1.69762567783887,1.78697107282022,0.146948702922714,-1.03366415493007,-2.96136719961594,-0.533623143675692,-1.229839293157,-0.950352989941973,0.634639649182899,2.7139712426509,1.87171507282515,-0.741513547039246,-1.0122761932167,-0.809409410284122,2.65429698343279,-1.6046264641078,-0.38894173635412,3.25741733242045,0.753512775079675,-0.850927317722514,-0.101050903728681,1.06450383457803,0.105798399719247,-0.211973396702618,-0.981553711022242,0.16426287524388,2.60072614772417,-0.967937426083252,-0.883029503142923,-0.308824467521143,0.0130242275822461,-0.0509767874099865,-1.76681565767715,-0.632328437178575,1.76150087402251,-0.617238197114639,0.109062570377235,3.57196393261383,-1.01655061372352,0.486586553949135,-1.65400311233774,1.24916102879488,2.0285200262864,0.253661017617866,0.74709037076587,-0.429308345541641,0.290953974427339,-0.336504505874385,0.21007112397406,-1.54665371482679,0.318541036314169,0.585579527544665,0.876930787660848,1.30367446383986,-0.393691038869623,-0.805642987248781,2.42202775761906,0.561261463670846
"HEA25_EFFE_3",-1.92607870033887,-0.969587683589692,-0.245998697747311,-0.359086380687665,0.856310564593759,-0.0205523442997952,-0.836073097309207,1.12835548827084,1.72740682158216,-0.238332811980764,-0.0966177493583995,-0.590136253032794,0.211413965236351,-0.877188598079186,-0.809930006989976,-0.486502004242425,0.15307210054313,-0.509561469636052,0.450158764373358,3.33125485967651,-1.13603689682119,0.034593323674768,1.45151812899804,-0.123926171764861,-0.60616159342842,0.577254374366535,0.0533868550196388,-0.737139443315847,-0.736803454013938,-0.105687831709141,-1.23401000834107,-1.55309157114866,-0.342851271314037,0.442315523976888,1.21116288360948,0.0676905795034433,0.0237712366972662,0.629133739395978,0.498533328309677,0.368838376465608,-0.683964151402124,2.23415714125086,3.6791004449073,-1.05366903543657,0.0454134290702806,-2.73458433381852,0.843183004402222,-0.708145849162211,-0.714537049984299,0.301616537714445,-0.169873437579493,-0.203617426615938,-1.45011879748615,1.33080869784555,3.03731874799951,-2.89735712767422,-0.564752682156803,0.326430938663715,-1.44559358116087,-0.99366275825941,0.360268800065648,0.146930027193783,-1.18266432961463,0.995473703129808,1.11582359001939,0.255881708774812,0.615847271833846,0.234603717318044,0.299576797536714,2.62886438468318,1.94036903585948,0.754961613131199,-0.40723698177141,-0.194992452134525,0.12669875171802,-0.301300344683067,1.21341441446244,-3.45172370757767,-2.35513254177397,-0.0132599232906294,1.14408572380118,-1.86538454172096,0.611246678515895,0.0398295627672569,-0.966835961292428,1.38136193716691,1.27116010331,-0.419416972495456,-0.122389424961904,1.73038481269715,0.388899522545593,3.457705956013,-1.42547475464179,-0.450505861651975,-2.35030301665898,0.0930215538099128,0.410715059288167,0.694774784627471,1.31978894531773,0.172498160633889,0.276033124606906,-0.221459838142753,-2.00410732745914,-0.193401822860004,-0.866950883085406,-1.43885563055361,-0.0885705152543084,2.22825230019836,0.657991880888418,0.287275259162269,-0.39278705407714,-1.60934891136335,2.14405175582064,-0.674166075097914,-0.609444382841106,3.08262821486853,1.11616802176576,-0.567699319587676,0.0408956233713731,1.28064497006769,-0.310630799472621,0.00705134271579944,-0.929705161453189,0.235267378718792,3.63186275776475,-0.420094915298554,-1.86902562796739,0.0360314452537462,0.768523526348702,0.0292200971749779,-1.35765387980357,-0.864587969702354,1.93094090904555,-0.524920075137989,0.410532786880053,2.70959142761649,-0.773311624030088,0.0352701498108052,-1.26574521916421,1.50906298882033,0.87491800738148,0.32396342932254,1.11286062419023,-0.201110731619378,-0.0648348034282744,-0.242177407449574,-0.0990289181891013,-1.25344968305686,0.328661618494859,0.363779342237981,0.889484960470721,0.800477587864041,-0.848326555361799,-1.12966012040736,1.77723590400398,0.448326567751443
"HEA25_MEM_3",-2.0258254936923,-0.36300823986082,0.19421697779636,1.00283518363913,-0.441497993602208,0.196287938101885,-1.22595202815582,0.569051889550374,3.93519017429802,1.30997797221388,-0.176646213660469,-0.963710068770043,3.33286608989187,-0.706386005050692,-1.19320333895365,-0.194192383812452,0.950566436068669,-1.86909402757509,0.577177069072269,4.55361221317024,-0.625506125223955,2.01081756176269,1.36861831480104,-0.236119592436611,-0.0933014578947304,0.0185992885736201,0.193396470757644,-0.553805288863608,-0.618602554293919,-0.658308155035599,-1.42644408311487,-1.50184401404125,0.139066250209677,0.550824359009244,1.1347252253626,0.734842836978415,0.101464194956025,3.16457939344717,0.603595146092909,0.110677102266617,-0.381218389947501,2.65469258741919,3.02473142395928,-1.97111719837271,1.69938068624047,-2.38831884378576,0.846491482131621,0.122234000734145,-0.572856663142792,0.772055786932949,0.33598965135858,1.08060278838824,-1.38906756142895,1.08225674888212,2.40731263742049,-2.4875115052521,0.792644387155647,0.0758487535750376,-0.853126603392088,-2.02250934255949,2.61767654245152,0.332908761595013,-0.707640234398703,1.33694830143248,0.713407604459421,-1.40128127004731,-0.0461367195094438,0.8139594298685,0.413275950474422,3.07563214206796,2.53013510075331,1.29120830351518,-1.04930614844651,0.567180566731734,0.798880693815312,-1.68476474160712,0.64397612327669,-4.55476046243096,-2.52807367192647,-0.250004824319198,1.7075793726072,-1.2560438700366,0.510152793988931,0.468246082549506,-1.22525889906365,0.774172394299393,0.0811759888356178,0.0356131115123475,-0.9958431421194,3.68326840692343,0.840339971725345,2.39806110968815,-1.70387638847855,-0.751347753578671,-0.521107749371195,0.299077070257905,0.20573708297503,0.754490377221479,1.73644092169052,1.1251719751999,-0.120718634366799,-0.387228766167005,-2.38366977108974,-1.21655368404238,-1.6006149652274,-1.17322688189883,0.960471257702939,1.67057490794349,1.72439552710168,-0.83329316226899,-1.20807288885981,-1.16744354650547,2.38330502731839,-1.34389828798948,-0.692518558521584,3.46069044386877,0.917148288891875,-0.647929352285877,-0.0942331866079851,1.44422648369871,-0.0584746946676908,-0.773481597448791,-0.981317991005209,0.47529693556411,1.058082647166,-0.887672388570471,-1.36361878026079,-0.254666180539077,0.344089114676719,0.292929245410685,-0.810257696101152,-0.807850593716629,1.68048957731262,-0.413025190605052,0.2884131977958,3.42819768107843,-0.901733137632823,0.595125057452063,-1.56244135795198,1.88686507355198,2.62952446238877,0.719673569826616,0.606460107788702,-0.406809433272024,0.319746155902497,-0.485243008146825,0.335419427529051,-1.81230649468775,0.832226677235134,0.481904034840408,1.02562468728509,0.256472647609201,-0.445273875030157,-0.675019428800519,3.43319370506545,0.71177324843366
"HEA25_NAI_3",0.307311270556056,0.718530355960576,0.969549984733179,0.916389300980953,-1.40657320749429,1.34323138009874,-2.23754477353775,-0.134835555454014,4.81794939410809,2.53899028564155,0.725723566452272,0.535432249063258,4.24978907664062,-1.76844016997594,-2.86629072642853,0.72295152255296,1.46572031456067,-3.83076507071104,1.61210576820509,1.62666248715609,0.916565241395443,2.76031406359421,0.455596181968698,-1.62160643448086,0.387861992091888,-0.523469333583797,0.604043358964615,0.391504212149892,0.652770523700815,-1.88399889084438,-0.293165856934646,-0.396116611104189,0.873282371290999,-0.802862859223227,-0.186001195152458,1.77670310466617,-1.03996086652679,3.7904537643159,-0.15619894844089,-0.551707622756508,0.363309930800375,1.74436053076702,0.448073654453546,-2.90549744280135,2.16226554054758,-1.0533361691977,-0.0626959749981313,0.585642174458211,0.208244321550343,-0.555561178515688,1.10123069208482,2.19085000690894,-0.7719582544069,0.137857946780118,0.138463216687447,-1.16518281313347,0.914233000230225,-1.05870277917093,-1.02801285561693,-2.81426943928237,1.62422876925902,0.738359180289308,-0.332582266135469,-1.343854995122,-1.05302590217451,-2.45005054222769,-0.722094658360015,1.03397121323429,0.841782294151001,0.587297159396436,1.00884897630544,0.324338890432543,-1.77321373665179,1.85105728339914,1.52415297360352,-2.81781416739897,0.202041822253758,-5.02518192810055,-3.56427474910629,-0.453707773757453,0.326299794324079,-3.31339205294272,-1.35242348132623,0.884763351032626,-0.18774197531239,-0.422156758065753,-0.563829452195882,0.158201457457538,-2.49191906001501,2.42677958457521,1.34019957787299,0.0202300396970951,-2.39381914353081,-1.3003950308696,-1.20919720123782,-0.46857147376936,-3.30215141951418,0.228945970658756,2.17473714803709,1.37285764926011,-0.333437857211822,-1.39505169764784,-2.94205622291228,-2.32745194424998,-0.688219786372534,-0.399772167932373,1.51330449959468,-0.28138242147998,2.19713217306516,-1.27987675809771,-1.9700272431687,-0.330783898974645,0.485360252726681,-3.0136545435821,-3.19654245890992,0.968788157511371,-0.0734928100321026,-1.1372337448416,-1.68682095983214,0.72124241161395,1.50834908378529,-1.93649803078153,-1.21289190473862,-0.408484646679548,0.426456420413309,-1.37675470676644,-0.606436922502477,-1.05600967903826,-0.192193266212941,-0.0737845035987528,-2.05958790969173,-0.0189534500416872,0.378831377699241,-0.840576554354155,-0.251008240291789,1.23350574167197,-1.63671036387104,0.551282675470118,-2.37333200817008,0.293656761541969,1.46471342280687,0.253405682624098,-0.104047012932883,-0.735643327674703,0.408331093250611,0.44919494020775,0.427109297318518,-2.7753029542242,1.21976070960152,0.852209103335592,1.82940185764908,-0.906276834575087,0.0661856118733208,-0.341753940797595,3.02808479034649,0.173981420693853
"MEL53_EFFE_3",-1.65673374943889,-0.985238316486272,-0.126268964024378,-0.322297301483314,0.48856662847054,0.506121026981521,-0.679406440324805,2.34780553917252,2.21356234485998,0.251127390410895,-0.130625014584871,-0.941215734726928,1.76709805099857,-0.832270035054788,-1.39082679860674,0.0572599314493809,-0.0635871025325327,-0.667728343915983,0.236437513784536,4.49471986236178,-0.470162480586346,0.314172629202099,1.86685192386659,-0.533318379999372,-0.715777092793375,0.457353398814825,0.240133064469131,-0.969519146481783,-0.766430714500538,-0.416728156211721,-1.46981722427862,-1.23229468239226,-0.800611905127287,0.840958214315261,1.31200989026394,0.23604663377432,0.343629124312076,2.7744203762864,0.553713596500182,0.351989392284569,-0.391022213908064,2.24473470094079,3.19077296855096,-0.976375370835678,0.781628890842565,-2.28068135003519,0.50687421095924,-0.859406905192575,-0.465092855164067,0.106896738186954,-0.578540562119037,0.397802482151207,-1.25453838304141,1.0568913180291,1.46353326375599,-2.67188557390968,-0.0274347928901788,0.293559968838092,-2.10685674389419,-1.23619539576703,0.770113202520464,0.261704742930984,-1.21165046092921,0.89853552866075,1.15393410772054,0.0974707251854374,0.079128500842339,0.448911826752934,0.327668479092005,3.25021178539331,1.85118343052279,1.12655078871646,-0.64742486515274,-0.0405196604625901,0.473815571691081,-0.635027624777498,0.883513861586119,-3.95694443641463,-2.19185343395148,0.0680093520234184,1.25792921192974,-1.78857395750242,0.417904303362586,0.293746984773557,-1.4086385145711,0.255539518845517,1.14862009115228,-0.498226192445787,-1.41998750580021,2.55087874293286,0.1894541064938,2.26126904424093,-1.11138539162178,-0.685664865189559,-1.8874267153421,0.471249614975262,0.263196531403791,0.584036442525221,1.09898507441368,0.515672023452179,0.0342624973523336,-0.111371975881998,-1.94448935829178,-1.34811354356631,-1.08016139439437,-2.13004896892478,-0.361024440538357,1.83257956596809,0.892541656301284,0.0946876401375212,-0.408464218963086,-2.38675517070301,2.02382184344417,-0.939964337559236,0.314148081446986,3.61729300305594,1.1345159687275,-0.437609423646669,0.163697453537973,1.57559817674463,-0.825604158853477,-0.169975496510125,-0.886212920747174,0.119040791809711,1.96917597134956,-0.500883411951298,-2.06393227506178,-0.186142716087572,0.851066445593482,0.23166028406749,-1.81198611561304,-1.20767663520684,1.68970431680717,-0.398360233877135,0.117828546842026,3.79783209213925,-1.08392222803579,-0.276645156924391,-1.65313960838082,1.35652029828677,1.39421422686555,-0.0495295684496817,0.492837857501468,-0.255434524470432,-0.00974515469936499,-0.567968254338672,-0.360970488056694,-1.63596665563357,0.229789513301716,0.39017988536766,0.66851392710609,0.998369055801914,-1.29584262102815,-1.90445105705161,2.69589295965225,1.11863394189564
"MEL53_NAI_3b",-2.29829485313044,-0.344690213248746,0.323690709542063,1.2097363006668,-0.502893134895925,0.385256205175359,-1.04556692413576,0.409365648248948,3.95068039670453,1.37918825620325,0.110839830816047,-0.659357006715951,3.77822904056161,-0.571514927074472,-0.961902800885817,-0.127044802293013,1.17506291476728,-1.43690029036931,0.565397204118259,5.12801181925565,-0.0341843727128817,2.19471224800778,1.46744441339956,-0.302552960447379,-0.0963596112597305,0.133752580095902,0.184075318093671,-0.364870691141385,0.181117096135646,-0.514537006755429,-1.36565107107784,-1.46197387938195,0.0459279433404527,0.887121796894444,0.701839736189414,1.02321677901465,0.582731953119886,3.30303084875792,0.584905241246467,0.521314564453812,-0.0150536374341548,2.73118376209037,2.82991133417974,-1.68617902917727,1.63906514846798,-2.04301444330688,0.728134414112577,-0.115609805903065,-0.229939527519766,0.475348293193115,0.180665068594408,0.638854129075072,-0.793622567719057,1.49873766861797,2.21865678746345,-2.35043355328157,1.11787108942722,-0.0608783141028901,-0.9510561957185,-1.39914065138638,2.13333417701233,0.492222584680096,-0.69843986783334,1.44951741405058,0.424880553417402,-1.6620625767378,-0.00490826615212381,0.633855260457607,0.284511688747929,2.88930159080745,2.19152782120862,1.35643170416775,-0.724181080417575,0.998427354889494,1.31894030350988,-1.45038924433609,0.440787743964753,-4.61427993569756,-2.37295004127443,-0.0598544635466833,1.43620820781751,-1.1685043237696,0.363064124477564,0.393922510123893,-1.91707489482719,0.487063172636479,-0.136517202622743,-0.174700425925101,-1.01358337528244,3.48417318098078,1.0836071658239,1.12099230241385,-1.54750606858417,-0.604812852313928,-0.128039391219971,0.570392433581308,0.319830427734046,0.646067855443773,1.80923448691553,1.36255379734214,-0.396445917217015,-0.187989751050949,-2.53257994453141,-1.12216499528837,-1.39357891233645,-1.71700170898079,0.479901309424112,0.881202312437576,0.920618305158177,-0.334927388602333,-1.26879007754402,-1.63245738235334,2.36463100502983,-1.36342558884212,-0.99312186836111,3.74402005150375,0.346203672153965,-0.733620063848902,-0.337914154025121,1.6040535508427,-0.120212601592187,-0.54658188947107,-0.9902766415369,0.334925401838719,0.680453543335487,-0.718889233680049,-1.85935998091248,-0.356435567475117,0.554802489944164,0.287455428506546,-1.15044472486305,-0.605953046884659,1.4197129340657,-0.29595991630579,0.280248935443653,1.98098565518846,-1.08170101404373,0.214167179622795,-1.59782960218928,1.61043583874154,2.62101343855921,0.681679695046366,0.603580375679559,-0.122161091028504,0.243333083645738,-0.304118154133223,0.512066428981742,-1.85201266437439,0.931732228247629,0.565290728283978,1.15585452418482,0.406013877083417,-0.469678665045255,-1.56902406685101,3.75987175752903,0.907313239561637
"MEL53_NAI_3",-0.0915767265607013,0.524387734372817,0.834840702199108,0.691678372340604,-1.24132496920364,1.30903598761248,-2.14693248431633,-0.10988172806472,4.86772884801456,2.26577883753792,1.01438129855787,1.45917358910734,4.37121504943043,-1.55870487951653,-2.42276296811907,0.640881424410262,1.30107661671919,-2.50639961329696,1.60817535352945,0.390730609798465,0.54778890809637,2.06056116081172,0.467012375549124,-1.54942564400718,0.280248685762972,-0.278648527140993,0.890846940081465,0.0425836738136924,0.739676934409036,-1.61857347794949,-0.535955231717122,-0.334014104365347,0.744483695290659,-0.402037816299608,-0.386464125464638,1.67835996696366,-0.944435251718459,4.14792916874081,-0.559407655356073,-0.100857350286142,1.1283562940481,1.37818869804812,1.19481915424686,-2.2459476676847,1.51171844174849,-1.37065357479272,-0.0441337983406296,-0.0618196617465756,-0.117156875681807,-0.654428957803137,0.81867086050354,1.84232764960857,-0.365720428394195,0.520838180222972,0.30266139060078,-1.76020471155648,0.860843036049797,-0.928746554275556,-1.73719292226741,-2.41631912517622,2.41974033981738,0.659147174325617,-0.714857511013773,-0.898150470446851,-0.836428319689563,-2.64995037335507,-1.07939354876406,1.14044671749408,0.839383522671701,0.870118248419256,1.2084504073923,0.419281648167643,-1.61407896379114,2.24778544870901,2.59925260224066,-2.3523727943322,-0.0936172801569457,-5.04658006927483,-2.96152420249985,-0.383383083632228,-0.382186697758489,-2.90174381716132,-1.00858921124296,0.803833382840469,-0.205588802712887,-0.575609957585918,-0.590439950373328,0.00390870157195966,-2.77828442701723,3.26906369170758,1.14479032606327,0.95631142813631,-2.20494492820155,-1.22693991078892,-1.79333809732006,-0.115404347739402,-2.81191785842346,-0.0407699511727095,2.03763417851657,1.47273529156121,-0.499987680131598,-1.02014076543192,-2.55178318828834,-2.76698661738197,-0.389697124901845,-0.624463734390303,1.52154150305963,-1.41347799406961,2.33423224453776,-0.955536629680917,-1.72222031308793,-0.665972250924755,0.727675147486602,-2.41593309120336,-2.38575700570102,2.79026160637288,0.0612984282102662,-1.05288098194841,-1.07229608911385,0.994207277698433,0.179989576184784,-1.74658851619219,-1.40621609695392,-0.561078133388428,0.461948524068184,-1.24460319880087,-0.599710219379773,-0.536240921013082,0.0347596898956297,-0.173065533223209,-2.2480464547221,-0.451522042616073,0.287097151748263,-0.689964462481478,-0.483920235630676,0.168274643914638,-1.54717733686502,0.741023640029373,-2.39642757261923,0.590769303894696,1.41364332061281,-0.400514390508179,0.0296436356339109,-0.664302850094745,0.462238591242482,0.07027140216886,0.424847942978741,-2.80441357864511,1.25720825329376,0.679128370561042,1.68374877692949,-0.160057093182219,-0.0793718274034267,-0.730562668234049,3.30564113769088,0.442180770866262
"HEA55_EFFE_4",-2.07855611263766,-0.884641346699596,-0.0792072476317438,0.10237584886533,0.0804315015158696,0.381476296613096,-1.25704227996702,1.76637285603795,4.08283508159647,0.362421522351158,-0.322416106182801,-0.309835423336154,2.80838974538942,-0.855379118223086,-1.21521962129861,-0.368039895625726,0.579036343143238,-0.662158718538501,0.254958173002745,4.87658754218415,-0.281569620094305,1.18507962569741,1.48730125328141,0.143974221880066,-0.43528443198719,0.268436095522924,0.195340873612045,-0.323557675195998,-1.17382632227514,-0.581459313891552,-1.84663268454287,-1.87274273136974,0.533564482411929,0.732881674450238,1.45263587720616,0.801766692477102,0.00473376371474732,2.62766540436228,0.480697369725674,0.251187583398337,-0.197568785136983,2.47690496750134,3.48715875805406,-1.29415250694969,0.336008404928344,-2.2691707831887,1.15656399316306,0.154962311621924,-0.701557478268544,0.679216064781414,0.387242297380183,0.561302681781541,-1.4231585287721,1.23012588226623,2.61754061580921,-1.9176158615858,-0.34843764698647,0.609961870598925,-1.43378411020518,-1.91000889409543,1.43830635717332,0.203908320396266,-1.19823931352227,1.26072135533476,0.88313399434686,-0.779680734340452,0.118568302962648,0.146372543564294,0.25721892300889,3.48796235362449,2.1772576215223,1.06621500973668,-0.882401349641906,0.00556809784137169,0.529944818763997,-1.79975466716869,1.34978152951017,-3.58321199075895,-3.05360752583024,-0.134079631363369,1.79402884468742,-2.00432829952822,2.08552412530513,0.207502178196187,-0.694117766679301,1.00972380819695,0.502857507380492,-0.157492567110783,0.0594536576993292,3.27033433641334,0.252953378226541,2.910022702491,-1.96206417080327,-0.715280042897646,-0.6858835542386,0.0182618352060908,0.239052484188361,0.83688580944503,1.68909055486567,0.988283256076005,0.161374086154181,-0.846391050530997,-2.34955110712728,0.127084929536473,-1.62759825626455,-1.44393701391689,0.386155445307533,2.32988287088789,1.33085707225372,-0.804165502623259,-1.14169190510646,-1.31914535756776,3.4995124513359,-1.17966990133931,-0.0950682332134036,3.62749386571542,0.748742349416209,-0.770216443588359,-0.0934848615754778,0.867926005079894,-0.367563319723048,-0.86469690342439,-1.07287097210568,0.398772361202331,2.01224879894004,-0.976060566119839,-1.39281800693851,0.114789962508187,0.50786175511826,0.271829126111588,-1.33857548260379,-0.976354629142559,2.08538971949712,-0.623000503982563,0.377109558703443,5.36896328819217,-0.986518159559168,-0.179008798897442,-1.65856267867052,0.946432186779057,2.5051426411756,0.317586651979529,0.752095582516123,-0.558596166461296,0.149649477723375,-0.181577258435174,-0.0470794635107801,-1.21839366554752,0.351990965649833,0.427108649692023,0.828107691841893,1.15908274821188,-0.798922642801091,-1.05843080302952,3.31324154762302,0.845100267778447
"HEA55_MEM_4",-1.72808024680218,-0.222947799683645,0.360367006541643,0.811847612630423,-0.393449218875598,0.478804008306076,-1.0733653179217,0.976519936610678,4.95728552565838,0.887600560953463,-0.11491258580258,0.00377084469259437,3.75487187281272,-0.704418867560326,-1.05583096507211,0.148843749400851,1.55455222841781,-1.82114240086673,0.637031424197874,4.50896734090933,-0.00762642193170926,2.2782625696253,1.69406201428667,0.263903330768201,0.110126422586392,0.00506114295620375,0.349142593622332,-0.102776158159344,-0.103897423503673,-1.47120546897576,-1.48743207164437,-1.77944124773957,0.402721745707014,0.929895719798968,0.88695963797355,0.930010828637946,0.289192563665751,3.51448971899968,0.452426236841734,0.428072740087922,0.172370555034724,2.36119568458148,3.94940367083893,-1.97971826389894,1.22212474427783,-1.82642898790248,1.35306213286943,0.656294929393104,-0.316453916783298,0.546411262126236,0.41716592851719,1.22213178475815,-0.686950078757289,1.20714701586438,1.84601929520455,-1.60285624208626,0.36817852445182,0.301406124186943,-0.956949859215385,-2.32693530484074,2.15035752613063,0.52559279454705,-0.703059076219575,1.58692056883088,0.263319210099742,-2.29595121731508,-0.0753245583935946,0.231184457193757,0.231128510714596,1.86839785862773,2.2531393729264,1.17531841965489,-0.842169904327633,0.89485350879646,0.619607265685208,-1.81267558778545,1.07156811932544,-4.16661442733611,-2.36191886314644,-0.020365524388211,1.98445016508303,-1.74581037934803,0.569529919071854,0.301672331876357,-0.258205342365665,0.462988930063108,-0.128107070917104,0.351815541445337,-0.301736741015812,3.09751013445689,0.993425531278317,0.658743130305373,-1.83456465931444,-0.544250302490096,0.0950088099676982,0.57422299712093,0.405467785123406,0.808793028228918,2.09297115647455,1.51918652207184,0.0384969647610482,-0.489419506351645,-2.09778654620306,-0.30864223052717,-1.81098793270136,-1.27596893241883,1.21946427639238,1.13423899765042,1.87214180691275,-0.806273107141232,-1.53159872219392,-1.3155458611471,2.3314545222445,-1.41259908521485,-0.00810275430055896,3.39125831332613,0.589712443465836,-0.392073001301291,0.0455425934803992,1.08583642016765,0.0941338696857335,-0.857027569914813,-0.861016108306211,0.672365285714762,0.318554702336784,-0.93109376543607,-1.03081486509712,0.0804430104294624,0.59632277484118,0.164820793779835,-0.950923402662834,-0.572011609321423,1.81913668666186,-0.411000582877433,0.709976238277441,2.09885584811764,-0.663574321104209,0.10297001085808,-1.65175260552326,1.09253810665763,3.34123170324816,0.553016622363928,0.386370687572561,-0.417835829965966,0.0732900628589199,0.151436855011772,0.395301878637349,-1.51835040523647,0.855777852235399,0.468729913298427,1.08541758765701,-0.556144338521238,-0.42845132643993,-0.726346878426488,3.16617210260382,0.338060714196411
"HEA55_NAI_4",0.271455533424959,0.797257452561377,0.851685440648446,0.897457555617738,-1.21998838585054,1.54365694648517,-1.88737514206678,-0.235451144084662,5.78485894421063,2.09582314022194,0.712643968936822,1.60869031211362,4.48080979702573,-1.46243556200351,-2.32124455336487,1.21500717175378,1.82398886426304,-2.03779030292997,1.80805210002799,2.54657225062094,1.79591788666536,2.58279097466734,1.04992288721789,-1.19190055283624,0.935772340010596,-0.317543524135409,0.759426395485009,0.0453885698299805,0.77052721592544,-2.00922992706585,-0.377631573893691,-0.342597378112491,1.37791557879176,-0.693809592409156,-0.390078596974747,1.62152675179811,-0.506219958467236,4.08553178127331,0.167615271967951,-0.319930978644287,1.08304910986052,1.10931411447014,1.2929390724872,-2.30205683181422,2.29491318706522,-0.506583268654136,0.176285413525184,0.888148554413662,0.00894414265029919,-0.443134326926598,1.41784079338327,1.35778101234316,0.0074791365270368,0.630751087664152,0.483441593748463,-0.571836044791574,0.936400825551025,-0.587826260465858,-1.26702358559813,-2.41429062034311,2.20455648146148,0.754792057221859,-0.114437257134558,-1.25667301592262,-0.859714590631405,-2.86866154573123,-0.662801228516192,1.28269296845688,0.869268320461559,0.195030491289112,1.06531713962491,0.203124998057786,-1.86219532778369,0.752443883563536,1.49122984008816,-2.36447972430187,0.397626835618523,-4.87379483865273,-3.15930571554057,-0.337320714472873,0.114516372957347,-2.81695030801479,-0.688840600625687,0.823667711050295,0.133734833052921,-0.0997486153634055,-0.571426494919141,0.305735470930768,-1.89180123987805,3.28792895843737,1.32877628866224,0.174940975495918,-2.25226135893083,-1.14282308727344,-1.11778508831116,-0.202072391858906,-2.17986823967031,0.135345432957351,2.53609414160639,1.71104718190608,-0.208845030053563,-1.63400767105288,-2.53754658059756,-2.06890265437405,-0.654960334700248,-0.409700469783045,1.48971323294169,-0.26482696892751,2.49599006174276,-1.25285800424358,-1.84874173352593,-0.602509128890778,1.70324755395889,-2.36731151316403,-1.82418834096482,1.44665822270225,-0.0851992160081512,-0.908901208849311,-0.907209687958662,0.399249463609398,1.29589347280005,-2.27347112364609,-1.14407693715434,-0.0574668131213922,-0.0083116792340423,-1.43773653734907,-0.48761936229856,-0.59555457855909,-0.16011066087375,0.0173853511586692,-1.82036451774195,0.269652351521738,1.05724024957908,-0.729484758735238,0.141989146215845,1.49492194449947,-1.30884999394665,0.596245553776058,-1.74702854659079,0.586794208315829,2.55048100279318,0.455076723661987,-0.229576307831858,-0.80258467685799,0.371304095476513,0.539832291331354,0.315912325796296,-2.12378716228694,1.51127956943848,0.987936694559901,1.70441187249599,-0.505355173811934,-0.116727748602521,-0.252986010688574,3.48822015878017,-0.0272138832015365
"MEL67_EFFE_4",-2.86746887530726,-0.974396597545843,-0.352926115668822,-0.339859252788251,0.630628631970668,-0.0646851774878838,-1.0634425300167,1.93446711796131,2.29263568067754,-0.0994319409478681,-0.409360915274196,-0.160063656355984,1.87063203609683,-0.833461282864392,-1.10930488885382,-0.823583534592985,0.0478661901651982,-0.586730756101767,0.31490462757636,3.50673515903095,-1.35286462794536,-0.36267481913892,1.59282627754799,-0.137109992072752,-0.692377064950586,0.658431249944076,-0.184187606526992,-0.844341858089583,-1.00545438556428,-0.26782020763055,-2.20379502495925,-2.32224089166491,-0.321033936126314,0.957403552624358,1.71358394558642,0.707604668150124,0.235045715153755,1.6438209689943,0.83789034255203,0.833071679012283,-0.0665297201694184,2.59499306216222,3.00640469485995,-0.968829835957043,0.130633209721114,-3.77773027551951,1.35724547642974,-1.00458206903432,-0.860541298167962,0.333663553801489,-0.133033454467727,0.293283175085381,-2.00091722415066,1.80492701526679,3.69567361624956,-3.19498900893891,-1.22324090984078,0.358607085306758,-1.59632371644746,-0.968082686720258,1.78903606493772,0.0976565066862332,-1.7730516016823,0.722770151726628,1.13344437738193,-0.863322799420821,0.876910578148198,0.198985269014954,-0.124885557110544,4.38196591750998,1.86248263211803,1.34895569230073,-0.521589780058186,-0.120232151753862,0.511965059492555,-0.919195495295353,0.975315769132225,-3.9529875578658,-2.90219572114526,0.0520564758830258,3.02461635005057,-2.36891782831429,0.508585116908794,0.227553601482549,-1.38848375520218,1.43710680451282,0.539854133976054,-0.398737879521754,0.033618160828544,1.50328860003211,0.236054445930279,3.3407959192758,-1.25128953226879,-0.348797921656409,-0.960677746805647,0.767339600781822,0.0698021977948642,0.806032875401712,1.47545773390629,1.00657870288113,0.587788210824129,-0.388068077452962,-2.05702781027583,-0.0260776695543523,-2.11033306411916,-1.95243148379356,0.0069269941041803,2.70312945388853,0.260869832119514,-0.229851888791559,-1.29997593550751,-1.91447563659703,3.46501593388982,-1.16742049542043,0.0391391039718298,3.2732980394137,1.45719189462505,-0.481142509989827,0.184433020111173,1.5201214626368,-0.931664754930137,-0.00480379304020584,-0.69365243144331,0.354159534974485,2.49095531525102,-0.658783230926572,-1.64063601357752,-0.175085116945539,0.5137318083981,0.273346620294245,-2.05723415576497,-1.26870075620592,2.43914099789516,-0.247593725327961,0.928187995916046,5.75460706187061,-0.733112196534084,0.0756884984099804,-1.59767833201153,1.65726160354057,2.0879880575525,0.185552429453649,1.16940217930935,-0.140764403808314,0.0676724825088471,-0.421559182331582,-0.258495162067867,-0.981276695460314,0.320500329107044,0.300896652294172,0.792025032766115,1.53306142776946,-0.656195337552838,-1.24328134946529,1.59901143518771,0.69950581260916
"MEL67_MEM_4",-1.94044809347972,-0.704863149762277,0.11390697049366,0.799645705657284,-0.329632265381175,0.285410850434337,-1.37059287555457,0.950076883479958,4.44873422999312,0.777003438102749,-0.388382865994107,-0.104437088494906,4.15204848601751,-0.881184287149843,-1.30473779688272,-0.135754914914831,0.982430719577271,-1.94655377556879,0.545287152154112,4.01866684259787,-0.780078898136847,1.66415855320033,1.34001143231464,-0.135220124117922,-0.318405820963809,-0.0215569505586961,0.14174111756676,-0.582453675243539,-0.346837110993821,-0.647764245526576,-1.73697438962605,-2.04577971052231,0.164226349377222,1.14071495127078,0.528478656670681,0.911137044942125,0.627450266903157,2.99114884899048,0.906653484093299,0.458089452240802,-0.064752439249447,2.25085335862139,1.82408062278676,-1.63993297680262,1.02012408632043,-3.00175171114188,1.24737620902388,-0.411389051736536,-0.64946117586831,0.60283003866035,0.357366972419983,0.36670829418338,-0.891178567335956,1.5309910305028,3.25164449868721,-2.40772677817906,0.330384411361513,0.099363153055501,-1.25765097719051,-1.56980486319077,2.31346811603416,0.145993885641873,-0.979311224126949,0.967841589855334,0.419591414370432,-2.03977428707708,0.0635182616739876,0.706426166864295,0.0541327562381539,3.12770193192415,1.5568164673012,1.36662535038835,-0.736597547984209,0.675162820854717,1.79266374630148,-1.43242842815628,0.39130320608935,-4.00129441574068,-1.70393460446414,-0.114593980090885,2.39119313327898,-1.11041051281697,0.24364392241315,0.309009061852997,-0.746249089697984,0.837716047659437,-0.24557358932034,-0.256640617368629,-0.764670026918191,3.61564899444403,0.848706672737755,0.616865576324172,-1.22234470455083,-0.450446827951496,-0.0131412568277902,0.884124748414505,0.0546775812867581,0.132392246433743,1.53977123098702,1.59195788340864,-0.393387266352012,-0.534780331028367,-2.23274834162199,-0.800364095674629,-1.72426670825655,-1.56682175877804,0.377594167441195,2.11893426223134,1.18548785419779,-0.811419036268404,-1.32476605668753,-1.48823455729344,2.57188841854363,-1.64169566198855,-0.858278784357351,2.49563030096323,0.147276051926317,-0.552313857319465,-0.499664868796701,1.69375472336028,-0.337705675749464,-1.0428085346366,-0.877466433899614,0.708360842536846,0.200660877263001,-0.648209562501062,-1.55174582161235,-0.220180873346385,0.37554194430189,0.176734739270834,-1.7698966288495,-0.338095422431541,1.673893054996,-0.0061687744321306,0.453586146334657,1.9861813460684,-0.949762382351026,0.0465299120517857,-1.41778215817752,0.882274002217847,2.38088232245468,1.10558115617333,0.552953151350192,-0.283594910620256,0.108477145920946,-0.326554523430874,-0.012686712542334,-1.79631648370799,0.774852978222494,0.484164773298411,1.05678520878328,-0.328432233123685,-0.411563350444043,-1.15729056536872,3.66397278974516,0.499973011793541
"MEL67_NAI_4",0.0986482861513451,0.648749430552355,0.738446867560309,0.801887357795002,-1.30770882504014,1.09260823281915,-2.02019287516868,-0.104826935285704,5.41873559060394,1.95688064597633,0.794603577672067,1.70246090038163,4.63404440793132,-1.85015422166247,-2.36259169314724,0.886296913507304,1.84530186241656,-2.26420176579206,1.64329418791259,0.892109245567946,1.35948623056586,2.69455556593612,0.453292550543148,-1.49344295234217,0.440145058572201,-0.231155736752635,0.86732404155806,0.142242907720521,0.987989731245412,-1.9487229707192,-0.355765872851498,-0.153685581589446,1.32404546466999,-0.586300991185642,-0.269469843076951,1.28134498583195,-0.432472997530092,4.1186798111036,-0.0116038006616126,-0.389545032841638,0.227340517161482,0.894605235515562,1.3791565070268,-2.55153576615644,1.92432293633307,-1.00990870218717,0.106446378535997,0.735378396542951,0.00120880818921298,-0.264628866774024,1.34495153367139,1.43064595327265,0.00222308313789732,0.683083034564502,0.737392933441718,-0.879501696834849,0.883665716638348,-0.725063515818513,-1.24973472476931,-2.26321572248668,2.07962413896589,0.649433985022781,-0.194265862818012,-0.935931481996942,-0.760323982511434,-2.26499033605845,-0.754884157324361,1.20851362036645,1.00219530151352,0.0367458473198701,1.16507361734486,0.689338844170274,-2.02940574336933,0.769120555233712,2.92528742534424,-2.31883245444957,0.11928511345008,-5.03547826206175,-3.40410679490492,-0.53963334237435,0.654877034860711,-2.58483751194829,-0.883736515535933,0.801856356864135,0.577727334102593,0.0853454781065857,-0.323982636614268,0.488752568401237,-1.92026660578932,3.19405260157118,1.30257987998066,0.308998441688539,-2.30615533644767,-1.23814186059309,-1.35090920368627,-0.157714642029006,-1.90000284988745,-0.0495106838711159,2.21952487509613,1.80583986817388,-0.221032188232186,-1.52337444419511,-3.09489126899677,-2.00822792264855,-0.339339812122688,-0.384894175010844,1.43445181364727,0.358633302977212,2.30800715799953,-1.00251440142126,-2.07229214113702,-0.271972011594356,1.07280898271424,-2.562999445089,-1.57989188435069,1.43898622792749,0.0703824084772382,-0.952330569141225,-1.1143319997621,0.464223435711677,1.1492134364696,-1.93439110600107,-1.06825090681021,0.0837201832289125,0.515156185592677,-1.26528078437494,-0.543116988381148,-0.801866130630955,-0.354782666420667,0.096545186692353,-1.57396399070343,0.309181352816296,0.871131231856563,-0.708020131884215,-0.391604343327887,0.177764530916365,-1.57995854498987,0.692722232882621,-1.83602449883352,0.279268001432897,2.22610843568343,0.179180271132855,-0.290338359284268,-0.834829702041887,0.311732448751239,0.135618269970155,0.447557383000373,-2.34227085489407,1.38365636373761,0.80139468239154,1.57723740861769,-0.357622214191225,-0.121092557951968,-0.01240174326629,3.07924111818359,0.195665042248208
"HEA59_EFFE_5",-1.50498149266333,-0.462498437958335,0.00279520960807123,-0.446967398498446,0.210872613874079,0.0423182174137651,-0.6214972622257,1.39299758726214,2.60741127106506,-0.155984014307331,0.516456199243251,-0.262206829560509,0.209433277685509,-0.787474659814843,-1.14062106160349,-0.319237817168999,-0.147079769899531,-0.301509754145521,-0.0503895449300469,3.08553516167299,-0.559273185416038,-0.277138445041147,1.08479243789744,-0.650782599490594,-0.598282431847233,0.125262298578881,0.312760214476576,-0.552834886791445,-0.355181791526456,-0.428221279994238,-0.825812014138792,-1.13610610563971,-0.0721332061418272,0.434619840963165,1.04353657632199,0.399815297740939,-0.213173763840736,2.25975873021472,0.350953857113161,0.198416616521036,-0.130018447980882,2.13825183693996,2.22465128106387,-1.26971869734382,0.619985818825536,-2.11376981540378,0.611266858330512,-1.140810342003,-0.677421090652995,0.541141882648282,0.0505604763222136,0.246730600849208,-1.35010560940144,1.21948613731272,2.83369765383974,-2.63331774616475,-0.0843485721137758,-0.519059995117478,-1.56053634112197,-1.33546124470504,0.932839651636041,0.222720686691689,-1.1779266190511,0.00680784313717719,0.840209155116348,-0.0364262971432989,0.246153321428327,0.222518338069056,0.336585809143418,1.88542097031872,1.43997158327112,1.02692728316486,-0.704292734722344,0.108031176902313,0.213775843462892,-0.64010672313399,0.874332878805085,-3.41029659220658,-2.17313041468158,0.0581837183055915,0.880116791708014,-1.98512532638621,-0.293227361648725,-0.0400722897646268,-0.446221552678814,0.216630550912682,0.902312682551746,-0.308640987771534,-0.973889017124637,2.13734491569325,0.607919931709092,2.26165785849694,-1.67978573000996,-0.939451277519602,-1.57011052895533,0.538409854850843,-1.07658191242019,0.208249373426537,1.40900109082073,0.107461544508574,-0.0202408383437618,-0.22909291500399,-1.86310326009734,-1.01591656452928,-0.482135275562966,-1.46456501406386,-0.255303147248423,1.66289330069692,0.117704755738841,-0.311568393786795,-0.693267544959026,-2.01350817947753,2.08592273723831,-1.07174970807564,0.0507672950319895,2.65664099771412,0.546364277740405,-0.160973615279772,0.010481422763565,0.716574398963937,-0.110837571262426,-0.0484814871738557,-0.71903460021813,0.612789394356041,0.687314375191759,-0.463411654333667,-0.892315332945598,-0.346397057776482,0.0841562087472223,0.146288578765091,-1.78715221496868,-1.32224714367493,0.653594203813704,-0.483616367213289,0.104624907544138,2.11044167527405,-0.890332974743883,-0.23941819973651,-0.846235056744074,0.593931148362498,1.58757622447488,0.411948692731278,0.150027098044232,-0.068504241196699,-0.0932789833249554,-0.814138753368642,-0.0084686809590373,-2.14797474637279,0.189235496873485,0.442630413281153,0.244911839920171,0.451318718211588,-0.580092231574534,-1.31470807136248,2.25024634322664,0.545358780813493
"HEA59_MEM_5",-2.59151746247226,0.39995183190829,0.0186941758060835,0.566405847338606,-0.911755051479826,0.383784503330298,-1.37751329637351,0.744174261132667,3.93416638311799,0.281375625271093,-0.00663734135684191,-0.339491579955077,2.64028108039153,-0.753483465725468,-1.22683242377155,-0.50139992738766,0.828194706415553,-2.39482659984442,-0.347644556240115,3.40150596515269,-0.878332480111485,0.800722205256226,1.40919622580996,-0.670257688473198,0.0442583550073383,-0.224999485224934,0.508843321614306,-0.376740781976128,-0.885994368013825,-1.10098692263614,-1.67805202903992,-1.79092766421336,0.634056147863729,0.2748527515852,1.40035040170432,0.676745292476221,0.239257437806091,3.40935561128706,0.467772405372773,0.0252870697872805,0.358757738896539,2.19564633086244,2.43518022385286,-2.51484586388736,1.89366747333219,-2.40775428298863,1.17046716596909,-0.317808638479055,-0.438078635176385,0.929252299706189,0.715717014915674,1.59374502480591,-1.27690516431284,1.00729178733672,3.2424933725003,-2.5876777934567,0.125729827225331,-0.491907916280997,-0.978483940484848,-2.27035823919642,2.28127435795177,0.211720015437493,-1.48207679019267,-0.225394990992422,0.842693132704594,-1.88288546016258,0.363890573269439,0.671474171352866,0.456623647371721,1.6043305411327,2.27245015238859,1.77966386802144,-1.83411281654216,0.368530277546915,0.657640469469319,-1.42515441847282,0.747376524310242,-4.45527706037453,-2.49891760388613,-0.34427317576103,1.72849944763395,-1.57377075834822,-0.291356546643967,0.416056020712539,-0.643724153512787,0.713886839856607,0.256613588691896,0.301587808469023,-0.639916958640267,3.19166711447705,1.77278642372924,1.0600034093063,-1.55444040019371,-1.08722416228234,0.299649416485021,0.820243750675549,-1.47435419081563,0.491690800237492,2.32512615911837,1.29954305702485,-0.215835612836491,-0.84427920306408,-2.34829452167416,-0.777500788646476,-1.82429096030133,-1.47622744068861,-0.362405413159138,1.97101550907081,0.399627672632913,-0.812147201386653,-1.35064241224587,-1.76054604518403,2.66283452257776,-2.26953582386213,-1.07759709042029,2.01618994475605,0.576890585700927,-0.201681085392433,0.430962115882036,1.29854226972986,-1.35507151846836,-0.535512746352628,-0.884707428479055,0.738364888591554,0.993487212175857,-1.21780819751823,-1.31530768769026,-0.4021630710754,-0.224241311781692,0.242398528069164,-1.09477240188991,-1.45805955407369,1.17556972161164,-0.550397931771045,0.341466329765522,1.69992040167864,-0.991292141730447,0.621914901671682,-1.64429419210151,0.978549176400263,3.0812801480708,1.13536655691427,0.458842404346115,-0.372251065608572,0.289781963471064,-0.832775620247095,0.742059082155124,-2.69016697077499,0.238782243993973,0.744473760532918,1.08184020728283,0.0772660289843587,-0.496708871241236,-0.804539606047802,2.92040180886259,0.419065313097509
"HEA59_NAI_5",-0.312941533625776,1.085274607211,1.05419708280803,0.249653878146424,-1.15977191640336,1.12760904318025,-1.74877110564259,-0.767741455591954,4.84766620072579,1.35268981847251,0.758342281312482,0.841729676037875,2.85596297630861,-1.46973061859008,-2.31772571748281,0.268695864396865,0.664670707239585,-2.10470549287676,1.28899601390606,0.21864272105883,0.42607428807845,1.30590966189895,0.0513716146006615,-1.62748933000029,0.274472175756094,-0.425415904665513,0.715198051939089,0.576428493547088,0.118223619675021,-1.602340380074,-0.371168747069369,-1.04313908251727,0.888188457946936,-0.631338388769323,0.318464316829105,1.83768132984566,-0.74745284608981,4.39955343759916,-0.404824367704448,-0.050021695262827,1.16934433663283,1.09413625508444,0.901198782648238,-2.24317811296582,2.00753499675368,-1.86754952054281,-0.0126714239255863,0.125948093259618,0.129809936147204,-0.115825449211117,0.984694050600178,2.43276749614447,-0.929380742718719,-0.0479704858619643,0.845039682525416,-2.24989794273818,1.04040889837011,-0.784048552419977,-1.65124351857876,-2.66427978468241,1.93156319821206,0.700407580519698,-1.10807779101734,-1.08901222514889,-0.439471267951063,-1.38543478298949,-0.618798421875373,0.812166160634645,0.956494350758959,-0.0617249915036155,0.840557848965611,0.691056474702596,-2.01143053822464,1.00875317142826,1.11481678720104,-1.86290433321763,0.608481086386441,-4.9355130250583,-2.98952169861752,-0.364536276795381,-0.385519293938689,-2.50244019071146,-1.57090606996213,0.614097160899206,0.856981283810636,0.204092447237683,-0.567788515504429,0.298607371150904,-2.75850083814291,2.83440951133946,1.53056774000806,0.843437160474846,-2.26537891044822,-1.2963789588282,-1.70848129293137,-0.39254944218836,-2.65364579257898,-0.560375803063923,2.40523380332257,1.7366244161739,-0.42330002653155,-0.417272947614387,-2.45364152718854,-2.76841133245962,-0.682664053169958,-1.62900991536204,0.102832910864139,-0.0243363730074835,1.01757235910564,-0.953159985891916,-1.96749835440269,-1.57940835518801,0.653165084860873,-2.37455848185504,-1.52173204093286,1.40474589244001,-0.441653307172631,-1.17788753587578,-0.659185196332477,0.310381454755493,-0.179862127141572,-1.43495799455639,-1.42915968189545,-0.150849426424647,0.409607414014247,-1.03295608130206,-1.00918405993631,-1.16228453013987,-0.88532857018262,-0.346172526400943,-2.17442228321415,-0.55350784695062,0.0653216839989046,-0.91204361112394,-0.414558247108832,0.0875355399679369,-1.44838711026676,1.12894978920362,-2.27206922784063,-0.394599363515022,1.86357598516903,0.353978262931763,0.398470781693336,-0.794072577895402,0.459680238633296,0.168875870177431,0.354020538825514,-2.98402781087143,0.348281035425427,0.617901030125013,1.76054425738982,0.651188656908101,-0.319877548235981,-0.72084883156819,2.935238882646,0.340960407085268
"MEL51_EFFE_5",-2.34988710097948,-0.570085916949068,-0.0601977176587489,-0.227260066433331,0.900761471995586,0.218353203988441,-0.937441461885697,1.74114366499315,2.63945092394273,-0.156978302550781,-0.162598627630368,-0.505398364943746,0.743596007374756,-0.955649814907183,-1.49018208095706,-0.328210896044804,0.237744338311717,0.150102637439178,0.224166325632098,3.72480014237036,-1.11575366291506,-0.480515404000501,1.28241256176683,-0.434031002406611,-0.114687088052291,0.359067954036552,0.239444218830178,-1.20508056144059,-0.741879277803983,-0.371019161323243,-1.55483139998718,-1.83493455362904,0.0172901245668573,0.353900380207604,1.99165510497006,0.244958249185503,-0.198218660245677,2.28741471814551,0.690507697114802,0.398287784965053,-0.190914480507201,2.69613669437668,3.62920228007351,-1.14420995713565,0.589062005470134,-3.00648349290407,1.2145421434369,-0.936511108585922,-0.595989233909063,0.422055918516867,0.246139064457638,0.534236322100684,-1.76118874260644,1.53137522940155,2.8672191333428,-3.08047151889199,-0.963110644137974,0.14714767312924,-1.81004275112067,-1.00730601883841,1.08124636858477,0.289415432534939,-1.78882160265411,0.0360174989144513,1.41747449535119,-0.246027934404529,0.463127151400482,0.420816224846147,0.388007340848436,2.53581104524877,1.92882537643162,1.49413599333886,-0.992709042121962,-0.751771637970604,0.433892086811962,-0.541333484857788,1.08629522708291,-3.85741022594809,-2.73561825131985,0.00883670161934447,1.54858153572514,-2.5284128162102,0.0573293419886598,0.235329012318184,-0.885229700242127,1.03994545532354,1.59752015837235,-0.374161962760384,-0.624172450920312,2.12796374115991,0.469527490499571,3.25196993810395,-1.62501871439622,-0.829380298363568,-1.19696003330033,0.657642819295361,-0.690934971171015,0.528281421081068,1.79172849326404,1.21731618007112,0.419420083318693,-0.197412404379211,-2.10260668666785,-0.518552173872029,-1.74138231857241,-1.83623148262461,-0.145176324965803,2.77959410868323,0.376218327243815,-0.591629820087305,-0.779861983779247,-1.89556405659093,3.01774283765499,-1.4026818300524,0.567271039302028,3.81944667037542,1.53888623478533,-0.347165996977633,0.594727627670736,1.47705242526119,-0.686902551267399,-0.00701318715331745,-0.447266800742939,0.798827312159877,3.4549037703778,-0.784720694661939,-1.36012491416734,-0.142454280734729,0.735377963993709,0.495690972436755,-1.53181704083295,-1.39637619267864,2.07477829745813,-0.49688725524634,0.774392596879126,4.10959752820655,-0.573112595186269,0.581595798083019,-1.1956366661978,1.6716660003642,1.94686105471659,0.286008864710693,0.737120329189119,-0.166004410638886,0.10204797196084,-0.74856793970911,-0.546182540073567,-1.30978152221059,-0.0126831724084191,0.589251045388393,0.811800362943803,1.16693747816177,-0.634015140109607,-1.1417620459738,1.83713767271439,0.940784042936115
"MEL51_MEM_5",-2.63663684877079,-0.189069591486954,0.338223389159784,0.552416284653647,-0.195351760842023,0.253373443867144,-1.15371910642877,0.995462054750115,3.93956911009306,0.232506954523906,-0.0355055286382129,-0.57347428837038,3.02929890686145,-0.830788786032739,-0.638533383031904,-0.14576560606679,0.690601385927329,-2.36950876566098,0.586911789078328,5.09752868873539,-0.792951029558526,1.62506979408217,1.63688309591344,-0.18599429635551,0.0902359937283954,-0.0278509823070969,0.333189233628451,-0.50063786298574,-1.04961386235445,-0.857670586560042,-1.98006020761247,-2.059393137784,0.264268616510218,0.478085751608775,1.06367213667926,0.596573296646541,0.571423873256828,3.82424220390884,0.658406215191262,0.302378609065379,-0.279157013113473,2.54986490426326,2.53233185397322,-1.82290683563281,0.955992034534639,-2.99312060645257,1.15169308029453,-0.0907076146274832,-0.230189282803407,0.653640831915729,0.389720742592283,1.44409549142031,-1.23199113349725,1.66368196903874,2.95908341499779,-3.01332140478491,0.138060476144397,-0.0901209557152374,-0.80921246207869,-1.77170090250462,2.53801424604662,0.26264526981015,-1.04236065493023,0.791198216841204,1.00980109218068,-1.45504429499305,0.296361067022683,0.862852644468743,0.464268220761157,2.35009107264064,2.04822271090512,1.54235239308759,-1.45144903386427,0.198311459832492,0.706544445987021,-1.35633822218579,0.813661015923197,-4.42940834614687,-2.34869687223512,-0.160498797661022,2.13008064622442,-1.08465435557008,0.422229433181668,0.394856045662673,-0.586833653095226,1.29276475147744,0.346994749807614,-0.0569460603005147,-0.884323527461792,3.4437745302088,1.22229993990375,1.69684201981092,-1.54257415702289,-0.674872855150448,-0.125860891755861,0.715504099575693,-0.217779897537793,0.761600466043182,1.90191737890987,1.65314403935783,-0.165101671334414,-0.652372436841129,-2.38257214111948,-1.03990726886826,-1.45274869481748,-1.32708315265139,0.230508044715493,2.12406398585842,1.5812965200498,-1.09068857083398,-0.860112443239315,-1.28721214547658,3.22492191468225,-1.78199814563743,-0.227589393119827,3.57411380370238,1.33152182136748,-0.374111659880771,0.536292301737449,1.41456225112505,-0.720401195129753,-0.54326494443462,-0.594003581779535,0.960815266556549,1.47887222130254,-0.882090689478257,-1.27388781115878,-0.16604574248341,0.59813801512451,0.518318992726455,-0.819005483028061,-1.01072312143273,1.72707337447694,-0.31392741926868,0.877096485581445,3.80158050526071,-0.460653308809651,0.805721963977904,-1.11787874162557,1.4542642741186,3.30545426913596,0.670404325567795,0.751751860374104,-0.132610822775998,0.120440222863013,-0.700629848272011,0.296244231205387,-1.46787418822964,0.423554840428148,0.276825922405392,1.27656162405568,0.198155518766123,-0.62388426025959,-0.635317795252661,3.45028103365951,1.09700332843159
"MEL51_NAI_5",0.0471926819979576,1.11517783724614,0.864788401655611,0.496357869376615,-1.22669606543631,1.10851820075585,-1.98113592762619,-0.453456998409933,4.84098012873314,1.8776330537544,0.679330267414899,0.887099367889938,3.75157813212705,-1.30418457538437,-2.05122682517656,0.79879674389923,1.18216818270194,-2.94249316412015,1.78479713735862,-0.062710585839854,0.871221369609287,2.0797332041935,0.466420100134919,-1.25451945204259,0.741120170029737,-0.386716271501929,1.03207020050673,0.517697610996463,0.199902254117606,-1.95608862272908,-0.171840742842258,-0.571104064204945,1.13148295195612,-0.59416948955271,-0.180305062875324,1.59706509888598,-0.48676424377286,4.18422367853741,-0.0685676615896451,-0.483875861635145,0.86955848457033,1.60972164379569,1.29683426168047,-2.35258192203822,1.91160967982859,-1.22052854869835,0.166543080854989,0.485324909141334,0.205328356144775,-0.225217946801606,1.33432176724104,2.36495376435261,-0.470811622101659,0.430835553765972,0.925343351352013,-1.48529336128422,0.97974759331636,-0.765619222037181,-1.46005408673369,-2.4112026306556,2.43643367587922,0.763864794296547,-0.434551801693305,-1.16309864888634,-0.360223231353389,-1.80731670014103,-0.327226430795438,0.965441771509076,0.994853127455778,0.555237796417634,1.18803182275986,0.525273084463833,-2.1211216126302,1.01467153801975,1.85170390140576,-2.21509322587789,0.561838639329602,-4.78876469317588,-3.42726769140417,-0.426631093717699,0.0549908419627121,-2.32732846120525,-1.25213754253445,0.873872517136158,0.578417824675402,-0.221044496716822,-0.184220039087509,0.47385581984502,-2.35276544738387,3.16942087994558,1.38482376210849,0.216904393651321,-2.77160444201371,-1.40241294595329,-0.917711690158844,-0.301881125959421,-2.02672117644035,-0.0410792194312055,2.35260397663156,2.13669481232713,-0.300669662562987,-1.36973746772691,-2.74587396520062,-2.34476017692336,-0.324679712466521,-0.671113565657957,0.797168428500694,0.365712321742595,1.84054510976341,-1.57598713232082,-1.67718636168382,-0.442954350031202,1.32213809059911,-2.43207011704557,-2.26974911724385,1.94189465846787,0.36503917192046,-0.956725231162321,-0.531075000519396,0.800569881607876,0.467329021906252,-1.54437607903241,-1.09791938464822,0.115313896122835,0.0818929293867328,-1.23999416958022,-0.352291737786855,-1.40683862353913,-0.154877925840069,-0.125745799258733,-2.07028183700202,-0.550637872960793,0.474652438399116,-0.87817376624588,0.0389183632297048,0.689525543923592,-1.39726941336735,1.06892345778041,-1.99532399130017,-0.340453550765572,2.6781252375066,0.494886669447838,0.0557093594117939,-0.552169009090716,0.449093043274015,0.249412891133088,1.18267608659772,-2.47438386210011,0.752240470115966,0.738413318380978,1.53384603000886,-0.140739959394041,-0.143789289889352,-0.285922961883745,2.82757978756787,0.0247751010350532
